"ID","workerFirstName","workerLastName","username","email","password","phoneNum","abnNum","certs"
500,Thomas,Jones,Tho500,Thomas.Jones@gmail.com,asdf,21778228,10423632963,None
501,Oscar,Johnson,Osc501,Oscar.Johnson@gmail.com,asdf,14445967,45458550801,None
502,Olivia,Morgan,Oli502,Olivia.Morgan@gmail.com,asdf,70606925,61575268534,None
503,George,Murphy,Geo503,George.Murphy@gmail.com,asdf,44097482,51973542414,None
504,George,Hill,Geo504,George.Hill@gmail.com,asdf,51785015,45748835149,None
505,Poppy,Morgan,Pop505,Poppy.Morgan@gmail.com,asdf,65351260,25229891552,None
506,Jack,Williams,Jac506,Jack.Williams@gmail.com,asdf,27119926,10104224179,None
507,Jacob,Moore,Jac507,Jacob.Moore@gmail.com,asdf,30359186,16855280644,None
508,William,Davis,Wil508,William.Davis@gmail.com,asdf,38853448,23754155422,None
509,Thomas,Miller,Tho509,Thomas.Miller@gmail.com,asdf,28206157,93379683734,None
510,Emily,Morgan,Emi510,Emily.Morgan@gmail.com,asdf,87416938,49290751512,None
511,Charlie,Reed,Cha511,Charlie.Reed@gmail.com,asdf,68356588,79354679719,None
512,Oliver,Davis,Oli512,Oliver.Davis@gmail.com,asdf,4644335,34300323173,None
513,Jacob,Hill,Jac513,Jacob.Hill@gmail.com,asdf,37654271,46233374472,None
514,George,Lopez,Geo514,George.Lopez@gmail.com,asdf,15092121,20129288490,None
515,Thomas,Jones,Tho515,Thomas.Jones@gmail.com,asdf,61231318,48731122524,None
516,Emily,Johnson,Emi516,Emily.Johnson@gmail.com,asdf,86226626,47541400264,None
517,Bob,Brown,Bob517,Bob.Brown@gmail.com,asdf,43580966,39054885904,None
518,Thomas,Lopez,Tho518,Thomas.Lopez@gmail.com,asdf,5401435,70280324547,None
519,Harry,Murphy,Har519,Harry.Murphy@gmail.com,asdf,81786004,64473459352,None
520,Poppy,Taylor,Pop520,Poppy.Taylor@gmail.com,asdf,40361318,76181333730,None
521,Jacob,Hill,Jac521,Jacob.Hill@gmail.com,asdf,29650586,67639988720,None
522,James,Murphy,Jam522,James.Murphy@gmail.com,asdf,85073851,34309338725,None
523,Olivia,Brown,Oli523,Olivia.Brown@gmail.com,asdf,24150985,83897985140,None
524,Poppy,Hill,Pop524,Poppy.Hill@gmail.com,asdf,16298920,96625357594,None
525,Poppy,Johnson,Pop525,Poppy.Johnson@gmail.com,asdf,11376110,21732209483,None
526,William,Miller,Wil526,William.Miller@gmail.com,asdf,49210336,57700444933,None
527,Poppy,Davis,Pop527,Poppy.Davis@gmail.com,asdf,29871029,13525841430,None
528,Isla,Jones,Isl528,Isla.Jones@gmail.com,asdf,61388505,42954605513,None
529,Olivia,Taylor,Oli529,Olivia.Taylor@gmail.com,asdf,52195966,91537299314,None
530,Charlie,Hill,Cha530,Charlie.Hill@gmail.com,asdf,184908,96962834195,None
531,Poppy,Hill,Pop531,Poppy.Hill@gmail.com,asdf,35649777,99871226644,None
532,Jacob,Anderson,Jac532,Jacob.Anderson@gmail.com,asdf,2453806,50763341600,None
533,Sophie,Cook,Sop533,Sophie.Cook@gmail.com,asdf,75137703,95415535477,None
534,Stacy,Davis,Sta534,Stacy.Davis@gmail.com,asdf,85787985,34014325489,None
535,James,Williams,Jam535,James.Williams@gmail.com,asdf,56440228,89102481119,None
536,Thomas,Williams,Tho536,Thomas.Williams@gmail.com,asdf,34391332,69327357772,None
537,Jack,Morgan,Jac537,Jack.Morgan@gmail.com,asdf,16741657,30208377031,None
538,Isla,Smith,Isl538,Isla.Smith@gmail.com,asdf,73538280,24910997495,None
539,Sophie,Jones,Sop539,Sophie.Jones@gmail.com,asdf,14623332,22770962606,None
540,Stacy,Miller,Sta540,Stacy.Miller@gmail.com,asdf,5105173,39495314217,None
541,Jack,Moore,Jac541,Jack.Moore@gmail.com,asdf,7173257,86144949853,None
542,Harry,Morgan,Har542,Harry.Morgan@gmail.com,asdf,67451412,72588684138,None
543,James,Cook,Jam543,James.Cook@gmail.com,asdf,43704008,92491482205,None
544,Stacy,Miller,Sta544,Stacy.Miller@gmail.com,asdf,23656088,13496068393,None
545,Emily,Williams,Emi545,Emily.Williams@gmail.com,asdf,58427031,79046521316,None
546,Olivia,Williams,Oli546,Olivia.Williams@gmail.com,asdf,45337054,23417711995,None
547,Stacy,Taylor,Sta547,Stacy.Taylor@gmail.com,asdf,75225703,48293154090,None
548,James,Miller,Jam548,James.Miller@gmail.com,asdf,46500396,44186715700,None
549,Olivia,Williams,Oli549,Olivia.Williams@gmail.com,asdf,26785723,30669711995,None
550,Harry,Morgan,Har550,Harry.Morgan@gmail.com,asdf,52830806,37094614078,None
551,William,Miller,Wil551,William.Miller@gmail.com,asdf,77595349,97435377073,None
552,George,Johnson,Geo552,George.Johnson@gmail.com,asdf,4781255,16941614637,None
553,Harry,Smith,Har553,Harry.Smith@gmail.com,asdf,18770224,11635547740,None
554,Harry,Brown,Har554,Harry.Brown@gmail.com,asdf,12715851,64287729698,None
555,Emily,Smith,Emi555,Emily.Smith@gmail.com,asdf,14219122,51440503712,None
556,Stacy,Smith,Sta556,Stacy.Smith@gmail.com,asdf,76350014,33756363730,None
557,Poppy,Williams,Pop557,Poppy.Williams@gmail.com,asdf,27019275,67098490227,None
558,Oscar,Cook,Osc558,Oscar.Cook@gmail.com,asdf,4999899,68281437440,None
559,Jacob,Williams,Jac559,Jacob.Williams@gmail.com,asdf,1176733,99527267509,None
560,Sophie,Anderson,Sop560,Sophie.Anderson@gmail.com,asdf,63323990,80536823502,None
561,Jack,Miller,Jac561,Jack.Miller@gmail.com,asdf,13310141,77770242568,None
562,Jacob,Hill,Jac562,Jacob.Hill@gmail.com,asdf,20303647,81874340089,None
563,George,Jones,Geo563,George.Jones@gmail.com,asdf,28181713,55597149823,None
564,Emily,Murphy,Emi564,Emily.Murphy@gmail.com,asdf,68930508,73134338556,None
565,Charlie,Miller,Cha565,Charlie.Miller@gmail.com,asdf,5732239,22755187553,None
566,James,Jones,Jam566,James.Jones@gmail.com,asdf,64649560,35576057902,None
567,Isla,Brown,Isl567,Isla.Brown@gmail.com,asdf,23909543,64655827249,None
568,Charlie,Morgan,Cha568,Charlie.Morgan@gmail.com,asdf,57897715,10848443088,None
569,Jacob,Smith,Jac569,Jacob.Smith@gmail.com,asdf,28879058,38933867235,None
570,Emily,Brown,Emi570,Emily.Brown@gmail.com,asdf,79827537,30530067411,None
571,Emily,Hill,Emi571,Emily.Hill@gmail.com,asdf,27072533,65989007856,None
572,Harry,Lopez,Har572,Harry.Lopez@gmail.com,asdf,31454830,40458710400,None
573,Oliver,Johnson,Oli573,Oliver.Johnson@gmail.com,asdf,35599410,38011989981,None
574,Sophie,Johnson,Sop574,Sophie.Johnson@gmail.com,asdf,82462707,48494620708,None
575,George,Brown,Geo575,George.Brown@gmail.com,asdf,1149649,63967954625,None
576,Jack,Wilson,Jac576,Jack.Wilson@gmail.com,asdf,69186695,97997601678,None
577,Harry,Anderson,Har577,Harry.Anderson@gmail.com,asdf,63076006,97995557765,None
578,Jack,Anderson,Jac578,Jack.Anderson@gmail.com,asdf,40539747,97488092708,None
579,Jacob,Reed,Jac579,Jacob.Reed@gmail.com,asdf,21550418,70339218557,None
580,Poppy,Morgan,Pop580,Poppy.Morgan@gmail.com,asdf,74289710,34291158043,None
581,William,Smith,Wil581,William.Smith@gmail.com,asdf,68578950,51531282361,None
582,Jack,Johnson,Jac582,Jack.Johnson@gmail.com,asdf,79028821,14974470793,None
583,Oliver,Anderson,Oli583,Oliver.Anderson@gmail.com,asdf,33706995,40660738915,None
584,Oliver,Wilson,Oli584,Oliver.Wilson@gmail.com,asdf,61495054,89430658287,None
585,Stacy,Lopez,Sta585,Stacy.Lopez@gmail.com,asdf,67551990,65246307225,None
586,Sophie,Murphy,Sop586,Sophie.Murphy@gmail.com,asdf,65992505,32281907884,None
587,Isla,Wilson,Isl587,Isla.Wilson@gmail.com,asdf,33795327,30492380681,None
588,William,Murphy,Wil588,William.Murphy@gmail.com,asdf,87394827,24765069535,None
589,Emily,Davis,Emi589,Emily.Davis@gmail.com,asdf,12772977,12679203352,None
590,Stacy,Lopez,Sta590,Stacy.Lopez@gmail.com,asdf,62418032,50825735593,None
591,Bob,Johnson,Bob591,Bob.Johnson@gmail.com,asdf,52832561,31645997999,None
592,George,Cook,Geo592,George.Cook@gmail.com,asdf,69994046,61015258584,None
593,Bob,Smith,Bob593,Bob.Smith@gmail.com,asdf,47908641,84657180417,None
594,Poppy,Johnson,Pop594,Poppy.Johnson@gmail.com,asdf,1023892,72877128841,None
595,Charlie,Reed,Cha595,Charlie.Reed@gmail.com,asdf,1737794,75433779077,None
596,Charlie,Cook,Cha596,Charlie.Cook@gmail.com,asdf,705903,94411678526,None
597,Emily,Davis,Emi597,Emily.Davis@gmail.com,asdf,85743838,89963674168,None
598,Harry,Jones,Har598,Harry.Jones@gmail.com,asdf,6557006,26198604739,None
599,George,Brown,Geo599,George.Brown@gmail.com,asdf,36217672,74359946055,None
